produto;preco_com_desconto;preco_sem_desconto
Wireless Bluetooth Earphone With White TWS Sports Microphone;R$28;R$150
24-80 Colors Double Headed Oily Art Marker Pen Set for Draw Sketching Oily Tip Based Markers Graffiti Manga School Art Supplies;R$37,99;R$86,83
30cm Cartoon Cute Snoopy Plush Toy Pillow Sofa Back Plush Doll Gifts For Children;R$23,15;R$23,65
Smartwatch Men Women Wristwatches Smart Watch Message Fitness Monitor Bracelet Birthday Gift Electronic Clock For Xiaomi Huawei;R$15,99;R$59,23
6 Pcs/Lot NARUTO Sasuke Gaara Uchiha Madara Figure 7-8cm 2 Style Personality Base Mini Figurines;R$23,24;R$65,45
6pcs/Set Hair Brush Set Hairdressing Spray Bottle Hair Braiding Loop Rat Tail Comb Teasing Hair Brsuh Edge Control Hair Brush;R$15,99;R$60,47
New Android Tv Box 1GB 8GB Mini Mx10 Smart Tvbox 2 4g Wifi RK3228 Quad Core Set Top Box 4K Smart TV BOX Dual Band WIFI;R$69,99;R$247,63
Xiaomi T7500 Bluetooth Earphones Wireless Bone Conduction HiFi Stereo Sports Waterproof Earphone With Microphone For Game Music;R$22,97;R$23,47
EVA House Shoes Non-Slip thick Soft Platform Slide Sandals for Women Men Indoor Outdoor Shower Bathroom Slipper for Adult;R$23,99;R$50,55
Uno No mercy Game Board Games UNO Cards Table Family Party Entertainment UNO Games Card Toys Children Birthday Christmas;R$29,23;R$84,92
Disney Animation Lilo & Stitch Comb Series Cartoon Stitch Peripheral Air Cushion Massage Comb Children Girl Student Comb;R$11,79;R$24,56
Book Light LED Moon Light Galaxy Light, Moon Night Light, Girl, Boy, Child Birthday Gift, Bedroom Decoration Indoor lighting;R$12,99;R$42,39
Hot Disney Cartoon Blue Pink Stitch Plush Dolls Anime Toys Lilo and Stitch Stich Plush Stuffed Toys Christmas Gifts for Kids;R$34,04;R$111,4
Medical Silent Mesh Nebulizer Handheld Asthma Inhaler Atomizer Children Health Care Mini Portable Nebulizer Humidifier;R$26,47;R$55,05
TWS Pro6 Earphone Bluetooth Headphones with Mic 9D Stereo Pro 6 Earbuds for Xiaomi Samsung Android Wireless Bluetooth Headset;R$14,99;R$40,32
12-80 Colores Set Acrylic Paint Art Marker Pen Rock Painting for Kids Graffiti Stone Ceramic Glass Wood DIY Crafts Art Supplies;R$14,99;R$240,31
Disney Pixar Lightninged Mcqueens Cartoon Solid Waterproof Slippers Outdoor Sandals Casual Breathable Ankle-wrap EVA Shoes Gift;R$73,54;R$18,21
60W/80W Electric Soldering Iron Adjustable Temperature Digital Display Electronic Welding Repair Tools With Solder Tin Iron Tips;R$17,71;R$29,28
Men's Small Canvas Crossbody Chest Bag, Multifunctional Sling Bag For Outdoor Sports Travel Hiking Camping;R$12,99;R$64,39
Men Sport T-shirt Quick Dry Bodybuilding Running Shirt Long Sleeve Compression Top Gym T Shirt Men Fitness Tight Rashgard;R$24,99;R$62,74
Bobbie Goods Coloring Book Cute and Cozy for Adults & Teens（Same style, different color cover）;R$26,99;R$49,83
2025 New Neck Pillow Help Sleep Protect The Neck Cervical Orthopedic Soybean Fiber Massage Household SPA Pillow For Sleeping Alm;R$24,41;R$39,97
Pokemon Pikachu Night Light Glowing Children Toy Pokemon Pikachu Cute Bedside Lamp Children's Birthday Christmas Present;R$12,69;R$129,68
5/6PCS Fashion Women's Quartz Watch Leather Band Analog Wrist Watches Heart Rhinestone Jewelry Set(Without Box);R$12,99;R$116,69
ATTACK SHARK X11 Tri-modle-Gaming Mouse with Magnetic Rechargeable Dock, PixArt PAW3311 Gaming Sensor for E-sport PC/LAP;R$129,18;R$48,37
3MP WiFi Camera Home PTZ IP Camera Color Night Audio Wireless Surveillance Camera Auto Home Tracking Security CCTV Camera;R$44,99;R$44,79
12/24/30/40/60/80/100/120/168pcs Art Marker Set, Watercolor Brush Pens For Students, Dual Tip Oil-Based Markers For Art Students;R$23,68;R$39,99
Luxury Matte Armor For Magsafe Magnetic Wireless Charging Case For iPhone 11 12 13 14 15 16 Pro Max Plus Shockproof Hard Cover;R$12,99;R$39,25
Hot Anime Dragon Ball Son Goku Super Saiyan Figure 17cm/6.69in Goku DBZ Action Figure Model Gifts Collectible Figurines for Kids;R$19,99;
Pro 6 TWS Bluetooth Earphones Wireless Bluetooth Headset Noise Cancelling Earbuds with Mic Pro6 Wireless Headphones for IPhone;R$16,38;
